anomalies_in_C,anomaly_rate,backbone,conformal_auc,contamination_frac,dataset,degree_bin,flagged@0.05,fpr@0.05,method,n_cal,n_normals,n_test,raw_auc_all,runtime_s,seed,study,tpr@0.05
,,cola,0.7397618930000494,,cora,,0.033625730994152,0.0260336906584992,,,,,0.7855651998675706,1.67081020004116,0,backbones,0.1935483870967742
,,dominant_style,0.1986118658301635,,cora,,0.0453216374269005,0.0474732006125574,,,,,0.2228757323199608,2.4190994999953546,0,backbones,0.0
,,degree,0.2706614632218544,,cora,,0.0365497076023391,0.0367534456355283,,,,,0.2263534424436095,0.0001147000002674,0,backbones,0.032258064516129
,,feature_norm,0.2234105616756409,,cora,,0.0307017543859649,0.0321592649310872,,,,,0.2510284867066834,0.0222329999669455,0,backbones,0.0
,,attr_deviation,0.2225954650990465,,cora,,0.0277777777777777,0.0290964777947932,,,,,0.2499229894488348,0.0502763999975286,0,backbones,0.0
,,cola,0.8211727510744454,,cora,,0.0526315789473684,0.0321592649310872,,,,,0.7707676584474098,1.612119299999904,1,backbones,0.4838709677419355
,,dominant_style,0.215704194042385,,cora,,0.0307017543859649,0.0306278713629402,,,,,0.1709375134948396,1.7727053000126034,1,backbones,0.032258064516129
,,degree,0.2903472805414217,,cora,,0.0307017543859649,0.0321592649310872,,,,,0.2629615235134084,0.0001235999516211,1,backbones,0.0
,,feature_norm,0.2793311268092673,,cora,,0.0277777777777777,0.0275650842266462,,,,,0.2348577104115386,0.0224373000091873,1,backbones,0.032258064516129
,,attr_deviation,0.3106258953712394,,cora,,0.0263157894736842,0.0260336906584992,,,,,0.2700061896330843,0.049592399969697,1,backbones,0.032258064516129
,,cola,0.8531674208144797,,cora,,0.0847953216374269,0.0569230769230769,,,,,0.7826287227764103,1.6473403999698348,2,backbones,0.6176470588235294
,,dominant_style,0.1886877828054299,,cora,,0.0263157894736842,0.0276923076923076,,,,,0.1911387485425573,2.0139983000117354,2,backbones,0.0
,,degree,0.1676244343891402,,cora,,0.023391812865497,0.0246153846153846,,,,,0.2803903787191777,0.0001159999519586,2,backbones,0.0
,,feature_norm,0.2415158371040724,,cora,,0.0131578947368421,0.0138461538461538,,,,,0.2241539635243483,0.0218098000041209,2,backbones,0.0
,,attr_deviation,0.1911764705882352,,cora,,0.0190058479532163,0.02,,,,,0.2878668797052007,0.0499305999837815,2,backbones,0.0
,,cola,0.7891437308868501,,cora,,0.0716374269005847,0.0519877675840978,,,,,0.7803256034892257,1.64577309996821,3,backbones,0.5
,,dominant_style,0.221788990825688,,cora,,0.0701754385964912,0.073394495412844,,,,,0.218960429531747,2.768424600013532,3,backbones,0.0
,,degree,0.2043577981651376,,cora,,0.0584795321637426,0.0596330275229357,,,,,0.2660419455600178,0.0001233999500982,3,backbones,0.0333333333333333
,,feature_norm,0.2904179408766564,,cora,,0.0628654970760233,0.0657492354740061,,,,,0.2783262080580386,0.0246038999757729,3,backbones,0.0
,,attr_deviation,0.3054026503567788,,cora,,0.0409356725146198,0.0428134556574923,,,,,0.3094413496279022,0.0518374000093899,3,backbones,0.0
,,cola,0.6357384217849334,,cora,,0.0350877192982456,0.0310077519379844,,,,,0.7609275812929135,1.627817899978254,4,backbones,0.1025641025641025
,,dominant_style,0.1356390379646193,,cora,,0.0497076023391812,0.0527131782945736,,,,,0.2104878294540167,2.043771900003776,4,backbones,0.0
,,degree,0.3899622341482807,,cora,,0.0540935672514619,0.0527131782945736,,,,,0.2752285126167753,0.0001405000220984,4,backbones,0.0769230769230769
,,feature_norm,0.1339097594911548,,cora,,0.043859649122807,0.0465116279069767,,,,,0.2504296756920153,0.022686899988912,4,backbones,0.0
,,attr_deviation,0.2655734446432121,,cora,,0.0511695906432748,0.0542635658914728,,,,,0.2861683292309021,0.0515121000353246,4,backbones,0.0
,,cola,0.784950180328871,,citeseer,,0.0548271752085816,0.031328320802005,,,,,0.8022987235242774,4.250084900006186,0,backbones,0.5121951219512195
,,dominant_style,0.1937312794180573,,citeseer,,0.034564958283671,0.0363408521303258,,,,,0.1989590757843141,6.519612199976109,0,backbones,0.0
,,degree,0.2804725227703405,,citeseer,,0.0274135876042908,0.0263157894736842,,,,,0.2462180261698486,0.0001454000012017,0,backbones,0.048780487804878
,,feature_norm,0.2217128186319457,,citeseer,,0.034564958283671,0.0338345864661654,,,,,0.2465439105361655,0.0810545000131242,0,backbones,0.048780487804878
,,attr_deviation,0.3064979521975671,,citeseer,,0.0369487485101311,0.0388471177944862,,,,,0.2603453993131653,0.1705808999831788,0,backbones,0.0
,,cola,0.7406570512820513,,citeseer,,0.035756853396901,0.01875,,,,,0.7964594855219677,4.116205299971625,1,backbones,0.3846153846153846
,,dominant_style,0.2058974358974359,,citeseer,,0.0476758045292014,0.05,,,,,0.2108814886245393,11.37528120004572,1,backbones,0.0
,,degree,0.3040705128205128,,citeseer,,0.0369487485101311,0.0375,,,,,0.232971112542546,0.0001670000492595,1,backbones,0.0256410256410256
,,feature_norm,0.2460576923076923,,citeseer,,0.0381406436233611,0.03875,,,,,0.2636804732374611,0.0820938000106252,1,backbones,0.0256410256410256
,,attr_deviation,0.328125,,citeseer,,0.0381406436233611,0.03875,,,,,0.267627295007299,0.1846191000076942,1,backbones,0.0256410256410256
,,cola,0.8327419672777449,,citeseer,,0.0584028605482717,0.0324594257178526,,,,,0.7975248034212141,4.152340300031938,2,backbones,0.6052631578947368
,,dominant_style,0.3108285695512188,,citeseer,,0.0429082240762812,0.0436953807740324,,,,,0.2326337936370601,7.148379100020975,2,backbones,0.0263157894736842
,,degree,0.2534496353242657,,citeseer,,0.0607866507747318,0.062421972534332,,,,,0.2579746381921231,0.0001569999731145,2,backbones,0.0263157894736842
,,feature_norm,0.3422038241671595,,citeseer,,0.034564958283671,0.0337078651685393,,,,,0.2701333648418412,0.0825678999535739,2,backbones,0.0526315789473684
,,attr_deviation,0.3243314278204876,,citeseer,,0.0703218116805721,0.0724094881398252,,,,,0.2897321649775311,0.1831418999936431,2,backbones,0.0263157894736842
,,cola,0.8001836473969978,,citeseer,,0.0464839094159713,0.0309405940594059,,,,,0.8243692898770024,4.132016500050668,3,backbones,0.4516129032258064
,,dominant_style,0.1733471734270201,,citeseer,,0.0738974970202622,0.0767326732673267,,,,,0.1948426416834691,6.804675800027326,3,backbones,0.0
,,degree,0.3088669754072182,,citeseer,,0.0500595947556615,0.0519801980198019,,,,,0.244327515693905,0.0001473999582231,3,backbones,0.0
,,feature_norm,0.1988981156180134,,citeseer,,0.0703218116805721,0.0717821782178217,,,,,0.2326052072891375,0.0853829000261612,3,backbones,0.032258064516129
,,attr_deviation,0.272297189396359,,citeseer,,0.0572109654350417,0.0594059405940594,,,,,0.2607780060450597,0.1818212000071071,3,backbones,0.0
,,cola,0.7846996245306633,,citeseer,,0.0262216924910607,0.0075093867334167,,,,,0.8187034757187561,4.137738400022499,4,backbones,0.4
,,dominant_style,0.194586983729662,,citeseer,,0.0703218116805721,0.0738423028785982,,,,,0.2297961221666164,12.787536000018008,4,backbones,0.0
,,degree,0.2513454317897372,,citeseer,,0.034564958283671,0.0362953692115143,,,,,0.245398550862736,0.0001671999925747,4,backbones,0.0
,,feature_norm,0.2217459324155194,,citeseer,,0.0488676996424314,0.0500625782227784,,,,,0.2698131977451088,0.0931093000108376,4,backbones,0.025
,,attr_deviation,0.2747340425531915,,citeseer,,0.0524433849821215,0.0550688360450563,,,,,0.2928785690055381,0.1975298000033944,4,backbones,0.0
,,cola,0.6853250591016549,,pubmed,,0.0577464788732394,0.036595744680851,,,,,0.6811614208862165,7.758833300031256,0,backbones,0.4259259259259259
,,dominant_style,0.6632687155240347,,pubmed,,0.0676056338028169,0.0419148936170212,,,,,0.6645128020022741,30.75290790002328,0,backbones,0.5148148148148148
,,degree,0.2361962174940898,,pubmed,,0.0448692152917505,0.0468085106382978,,,,,0.2496885809023024,0.0009350000182166,0,backbones,0.0111111111111111
,,feature_norm,0.7476272655634357,,pubmed,,0.0641851106639839,0.0378723404255319,,,,,0.7489140979739874,0.0632459000335075,0,backbones,0.5222222222222223
,,attr_deviation,0.659483451536643,,pubmed,,0.0496981891348088,0.0248936170212765,,,,,0.6585490124665195,0.1783825000165961,0,backbones,0.4814814814814814
,,cola,0.8154670368121841,,pubmed,,0.0535211267605633,0.0473272765687724,,,,,0.8212938363299156,8.228743899962865,1,backbones,0.1772151898734177
,,dominant_style,0.6781218324342685,,pubmed,,0.0396378269617706,0.0164800338051975,,,,,0.6691024669638861,22.053996700036805,1,backbones,0.5021097046413502
,,degree,0.2613426154988629,,pubmed,,0.055533199195171,0.0568349883794633,,,,,0.2379198548372935,0.00076819997048,1,backbones,0.0295358649789029
,,feature_norm,0.7650306983643883,,pubmed,,0.0390342052313883,0.0158461863511514,,,,,0.7551646467241377,0.0650627000140957,1,backbones,0.5021097046413502
,,attr_deviation,0.674996278040618,,pubmed,,0.0382293762575452,0.0158461863511514,,,,,0.665986216480173,0.1796623999834992,1,backbones,0.4852320675105485
,,cola,0.724017404206685,,pubmed,,0.0603621730382293,0.0346439957492029,,,,,0.7294607560991209,7.419743300008122,2,backbones,0.5169811320754717
,,dominant_style,0.6409014897840515,,pubmed,,0.0492957746478873,0.0233793836344314,,,,,0.6565554641423618,22.72432189999381,2,backbones,0.5094339622641509
,,degree,0.2322294628356024,,pubmed,,0.0438631790744466,0.045058448459086,,,,,0.2399188771135688,0.0007342000026255,2,backbones,0.0226415094339622
,,feature_norm,0.7280604736029515,,pubmed,,0.0458752515090543,0.0195536663124335,,,,,0.742483233989232,0.0651047999854199,2,backbones,0.5132075471698113
,,attr_deviation,0.6301958975798528,,pubmed,,0.0513078470824949,0.026567481402763,,,,,0.652125302557799,0.1732936999760568,2,backbones,0.490566037735849
,,cola,0.7179611044401673,,pubmed,,0.0422535211267605,0.0356158575365698,,,,,0.7537782735046626,7.67464199999813,3,backbones,0.1660079051383399
,,dominant_style,0.6708520438645518,,pubmed,,0.0515090543259557,0.025439898240407,,,,,0.6635946955778055,21.964418600022327,3,backbones,0.5375494071146245
,,degree,0.2810874131997543,,pubmed,,0.0559356136820925,0.0572397710409158,,,,,0.2383834064458225,0.000757900008466,3,backbones,0.0316205533596837
,,feature_norm,0.7487365939864303,,pubmed,,0.0507042253521126,0.0245919016323934,,,,,0.746656282416907,0.0636991000501439,3,backbones,0.5375494071146245
,,attr_deviation,0.6601087982999846,,pubmed,,0.0456740442655935,0.020563917744329,,,,,0.6550386374303427,0.1752051000366918,3,backbones,0.5138339920948617
,,cola,0.8350067612704053,,pubmed,,0.046076458752515,0.0409940526762956,,,,,0.8379902574491817,7.570465600001626,4,backbones,0.1374045801526717
,,dominant_style,0.6777727694293294,,pubmed,,0.0539235412474849,0.0284621920135938,,,,,0.6641816549979351,16.2020055000321,4,backbones,0.5114503816793893
,,degree,0.2573676769118019,,pubmed,,0.0454728370221328,0.0465165675446049,,,,,0.2485852814641141,0.0007403999916277,4,backbones,0.0267175572519083
,,feature_norm,0.7608954548697362,,pubmed,,0.0575452716297786,0.0316482582837723,,,,,0.7490417873916998,0.0663150000036694,4,backbones,0.5229007633587787
,,attr_deviation,0.6709470480650119,,pubmed,,0.0509054325955734,0.0265505522514868,,,,,0.6608480723558914,0.1755175999714993,4,backbones,0.4885496183206106
,0.0664697193500738,cola,0.4677009445055571,,organic_cora,,0.0540935672514619,0.0575427682737169,,,,,0.4951542721518988,1.7367622000165284,0,organic,0.0
,0.0664697193500738,dominant_style,0.4219170807571217,,organic_cora,,0.0394736842105263,0.0404354587869362,,,,,0.4711805555555555,10.351583199982995,0,organic,0.024390243902439
,0.0664697193500738,attr_deviation,0.4706027386867959,,organic_cora,,0.0584795321637426,0.0606531881804043,,,,,0.4725958157524613,0.055524899973534,0,organic,0.024390243902439
,0.0664697193500738,degree,0.5571634487729014,,organic_cora,,0.0467836257309941,0.0482115085536547,,,,,0.5069444444444444,0.0001406000228598,0,organic,0.024390243902439
,0.0664697193500738,cola,0.4556805399325084,,organic_cora,,0.067251461988304,0.0677165354330708,,,,,0.5234331047819971,1.7843405000166968,1,organic,0.0612244897959183
,0.0664697193500738,dominant_style,0.4761208420376023,,organic_cora,,0.0482456140350877,0.0472440944881889,,,,,0.4754285337552743,11.767238100001125,1,organic,0.0612244897959183
,0.0664697193500738,attr_deviation,0.5429696287964004,,organic_cora,,0.0453216374269005,0.0456692913385826,,,,,0.4725936181434599,0.055332800024189,1,organic,0.0408163265306122
,0.0664697193500738,degree,0.5571267877229632,,organic_cora,,0.0307017543859649,0.0299212598425196,,,,,0.5085926511954993,0.0001333999680355,1,organic,0.0408163265306122
,0.0664697193500738,cola,0.5006675567423231,,organic_cora,,0.0380116959064327,0.0389408099688473,,,,,0.4778107419127988,1.723108600010164,2,organic,0.0238095238095238
,0.0664697193500738,dominant_style,0.4663811007268951,,organic_cora,,0.0745614035087719,0.0778816199376947,,,,,0.4603111814345991,11.050605099997483,2,organic,0.0238095238095238
,0.0664697193500738,attr_deviation,0.4162772585669781,,organic_cora,,0.0657894736842105,0.0669781931464174,,,,,0.4726133966244725,0.0560287999687716,2,organic,0.0476190476190476
,0.0664697193500738,degree,0.4350615635662364,,organic_cora,,0.033625730994152,0.0358255451713395,,,,,0.5146448663853728,0.0001396000152453,2,organic,0.0
,0.0664697193500738,cola,0.5815740984469597,,organic_cora,,0.0453216374269005,0.0427480916030534,,,,,0.5159370604781996,1.7758974999887869,3,organic,0.1034482758620689
,0.0664697193500738,dominant_style,0.4648591734667018,,organic_cora,,0.0716374269005847,0.0748091603053435,,,,,0.4640954641350211,9.351927699986843,3,organic,0.0
,0.0664697193500738,attr_deviation,0.394946038431166,,organic_cora,,0.0657894736842105,0.0687022900763358,,,,,0.4725892229254571,0.057693000009749,3,organic,0.0
,0.0664697193500738,degree,0.4587259805211898,,organic_cora,,0.0394736842105263,0.0412213740458015,,,,,0.5132208157524614,0.0001507000415585,3,organic,0.0
,0.0664697193500738,cola,0.5246388762511374,,organic_cora,,0.0453216374269005,0.0477707006369426,,,,,0.4809049753867792,1.8005548000219278,4,organic,0.0178571428571428
,0.0664697193500738,dominant_style,0.4703281392174704,,organic_cora,,0.0482456140350877,0.0509554140127388,,,,,0.4607572960618846,10.263686200021766,4,organic,0.0178571428571428
,0.0664697193500738,attr_deviation,0.4766975659690627,,organic_cora,,0.0511695906432748,0.0525477707006369,,,,,0.4725914205344584,0.0929751999792642,4,organic,0.0357142857142857
,0.0664697193500738,degree,0.5239706551410374,,organic_cora,,0.0409356725146198,0.0429936305732484,,,,,0.5165304149085794,0.0002416000352241,4,organic,0.0178571428571428
,,,0.7307958306575113,,cora,,0.0365497076023391,0.0306278713629402,CRC-GAD,,,,,,0,heuristics,0.1612903225806451
,,,,,cora,,0.0497076023391812,0.0352220520673813,Percentile,,,,,,0,heuristics,0.3548387096774194
,,,,,cora,,0.0365497076023391,0.010719754977029,Feature-space CP,,,,,,0,heuristics,0.5806451612903226
,,,0.4934051276984637,,cora,,0.0599415204678362,0.0566615620214395,Uniform random + CP,,,,,,0,heuristics,0.1290322580645161
,,,0.7137035024452898,,cora,,0.0365497076023391,0.0229709035222052,CRC-GAD,,,,,,1,heuristics,0.3225806451612903
,,,,,cora,,0.0497076023391812,0.0321592649310872,Percentile,,,,,,1,heuristics,0.4193548387096774
,,,,,cora,,0.0409356725146198,0.0199081163859111,Feature-space CP,,,,,,1,heuristics,0.4838709677419355
,,,0.5401126315269476,,cora,,0.0423976608187134,0.0444104134762634,Uniform random + CP,,,,,,1,heuristics,0.0
,,,0.8288461538461538,,cora,,0.0526315789473684,0.0323076923076923,CRC-GAD,,,,,,2,heuristics,0.4411764705882353
,,,,,cora,,0.0497076023391812,0.0323076923076923,Percentile,,,,,,2,heuristics,0.3823529411764705
,,,,,cora,,0.0350877192982456,0.0184615384615384,Feature-space CP,,,,,,2,heuristics,0.3529411764705882
,,,0.5183031674208145,,cora,,0.0394736842105263,0.04,Uniform random + CP,,,,,,2,heuristics,0.0294117647058823
,,,0.7753822629969418,,cora,,0.0745614035087719,0.0565749235474006,CRC-GAD,,,,,,3,heuristics,0.4666666666666667
,,,,,cora,,0.0497076023391812,0.0428134556574923,Percentile,,,,,,3,heuristics,0.2
,,,,,cora,,0.0204678362573099,0.0030581039755351,Feature-space CP,,,,,,3,heuristics,0.4
,,,0.5769113149847095,,cora,,0.0453216374269005,0.0474006116207951,Uniform random + CP,,,,,,3,heuristics,0.0
,,,0.668634466308885,,cora,,0.0394736842105263,0.0263565891472868,CRC-GAD,,,,,,4,heuristics,0.2564102564102564
,,,,,cora,,0.0497076023391812,0.0356589147286821,Percentile,,,,,,4,heuristics,0.282051282051282
,,,,,cora,,0.0540935672514619,0.013953488372093,Feature-space CP,,,,,,4,heuristics,0.717948717948718
,,,0.4225203736831644,,cora,,0.0394736842105263,0.0403100775193798,Uniform random + CP,,,,,,4,heuristics,0.0256410256410256
,,,0.747982761782505,,citeseer,,0.0548271752085816,0.0463659147869674,CRC-GAD,,,,,,0,heuristics,0.2195121951219512
,,,,,citeseer,,0.0488676996424314,0.0426065162907268,Percentile,,,,,,0,heuristics,0.1707317073170731
,,,,,citeseer,,0.069129916567342,0.043859649122807,Feature-space CP,,,,,,0,heuristics,0.5609756097560976
,,,0.4929243841310593,,citeseer,,0.034564958283671,0.0338345864661654,Uniform random + CP,,,,,,0,heuristics,0.048780487804878
,,,0.6921474358974359,,citeseer,,0.0321811680572109,0.025,CRC-GAD,,,,,,1,heuristics,0.1794871794871795
,,,,,citeseer,,0.0488676996424314,0.04,Percentile,,,,,,1,heuristics,0.2307692307692307
,,,,,citeseer,,0.0512514898688915,0.0225,Feature-space CP,,,,,,1,heuristics,0.6410256410256411
,,,0.5148557692307693,,citeseer,,0.035756853396901,0.0375,Uniform random + CP,,,,,,1,heuristics,0.0
,,,0.7786976805309154,,citeseer,,0.0655542312276519,0.0424469413233458,CRC-GAD,,,,,,2,heuristics,0.5526315789473685
,,,,,citeseer,,0.0488676996424314,0.0349563046192259,Percentile,,,,,,2,heuristics,0.3421052631578947
,,,,,citeseer,,0.0381406436233611,0.0199750312109862,Feature-space CP,,,,,,2,heuristics,0.4210526315789473
,,,0.5275478020894934,,citeseer,,0.0405244338498212,0.0424469413233458,Uniform random + CP,,,,,,2,heuristics,0.0
,,,0.7343500479080166,,citeseer,,0.0369487485101311,0.0272277227722772,CRC-GAD,,,,,,3,heuristics,0.2903225806451613
,,,,,citeseer,,0.0488676996424314,0.0371287128712871,Percentile,,,,,,3,heuristics,0.3548387096774194
,,,,,citeseer,,0.0309892729439809,0.0099009900990099,Feature-space CP,,,,,,3,heuristics,0.5806451612903226
,,,0.4765649952091982,,citeseer,,0.0655542312276519,0.0655940594059406,Uniform random + CP,,,,,,3,heuristics,0.064516129032258
,,,0.7301001251564456,,citeseer,,0.0595947556615017,0.0563204005006257,CRC-GAD,,,,,,4,heuristics,0.125
,,,,,citeseer,,0.0488676996424314,0.04630788485607,Percentile,,,,,,4,heuristics,0.1
,,,,,citeseer,,0.0452920143027413,0.016270337922403,Feature-space CP,,,,,,4,heuristics,0.625
,,,0.4806163954943679,,citeseer,,0.0643623361144219,0.065081351689612,Uniform random + CP,,,,,,4,heuristics,0.05
,,,0.6853250591016549,,pubmed,,0.0577464788732394,0.036595744680851,CRC-GAD,,,,,,0,heuristics,0.4259259259259259
,,,,,pubmed,,0.0498993963782696,0.0334042553191489,Percentile,,,,,,0,heuristics,0.337037037037037
,,,,,pubmed,,0.06579476861167,0.0397872340425531,Feature-space CP,,,,,,0,heuristics,0.5185185185185185
,,,0.4671903073286051,,pubmed,,0.0577464788732394,0.0578723404255319,Uniform random + CP,,,,,,0,heuristics,0.0555555555555555
,,,0.8154670368121841,,pubmed,,0.0535211267605633,0.0473272765687724,CRC-GAD,,,,,,1,heuristics,0.1772151898734177
,,,,,pubmed,,0.0498993963782696,0.0445806042679061,Percentile,,,,,,1,heuristics,0.1561181434599156
,,,,,pubmed,,0.0454728370221328,0.02197337840693,Feature-space CP,,,,,,1,heuristics,0.5147679324894515
,,,0.500160467709885,,pubmed,,0.0591549295774647,0.0587365307416015,Uniform random + CP,,,,,,1,heuristics,0.0675105485232067
,,,0.724017404206685,,pubmed,,0.0603621730382293,0.0346439957492029,CRC-GAD,,,,,,2,heuristics,0.5169811320754717
,,,,,pubmed,,0.0498993963782696,0.0238044633368756,Percentile,,,,,,2,heuristics,0.5132075471698113
,,,,,pubmed,,0.0476861167002012,0.0212539851222104,Feature-space CP,,,,,,2,heuristics,0.5169811320754717
,,,0.5214797585868105,,pubmed,,0.0462776659959758,0.0467587672688629,Uniform random + CP,,,,,,2,heuristics,0.0377358490566037
,,,0.7179611044401673,,pubmed,,0.0422535211267605,0.0356158575365698,CRC-GAD,,,,,,3,heuristics,0.1660079051383399
,,,,,pubmed,,0.0498993963782696,0.041127835488658,Percentile,,,,,,3,heuristics,0.2134387351778656
,,,,,pubmed,,0.0515090543259557,0.0252278990884036,Feature-space CP,,,,,,3,heuristics,0.541501976284585
,,,0.4712904547591295,,pubmed,,0.0366197183098591,0.0366758532965868,Uniform random + CP,,,,,,3,heuristics,0.0355731225296442
,,,0.8350067612704053,,pubmed,,0.046076458752515,0.0409940526762956,CRC-GAD,,,,,,4,heuristics,0.1374045801526717
,,,,,pubmed,,0.0498993963782696,0.044180118946474,Percentile,,,,,,4,heuristics,0.1526717557251908
,,,,,pubmed,,0.052112676056338,0.026125743415463,Feature-space CP,,,,,,4,heuristics,0.5190839694656488
,,,0.5248650988734459,,pubmed,,0.0434607645875251,0.0433305012744265,Uniform random + CP,,,,,,4,heuristics,0.0458015267175572
,,,,,cora,Q1_low,,0.0,,,252.0,,,,0,degree_fpr,
,,,,,cora,Q2,,0.0,,,122.0,,,,0,degree_fpr,
,,,,,cora,Q3,,0.0060240963855421,,,166.0,,,,0,degree_fpr,
,,,,,cora,Q4_high,,0.168141592920354,,,113.0,,,,0,degree_fpr,
,,,,,cora,Q1_low,,0.0,,,250.0,,,,1,degree_fpr,
,,,,,cora,Q2,,0.006578947368421,,,152.0,,,,1,degree_fpr,
,,,,,cora,Q3,,0.0103092783505154,,,97.0,,,,1,degree_fpr,
,,,,,cora,Q4_high,,0.0844155844155844,,,154.0,,,,1,degree_fpr,
,,,,,cora,Q1_low,,0.0,,,249.0,,,,2,degree_fpr,
,,,,,cora,Q2,,0.0068027210884353,,,147.0,,,,2,degree_fpr,
,,,,,cora,Q3,,0.010752688172043,,,93.0,,,,2,degree_fpr,
,,,,,cora,Q4_high,,0.1180124223602484,,,161.0,,,,2,degree_fpr,
,,,,,cora,Q1_low,,0.0,,,241.0,,,,3,degree_fpr,
,,,,,cora,Q2,,0.0075757575757575,,,132.0,,,,3,degree_fpr,
,,,,,cora,Q3,,0.0236686390532544,,,169.0,,,,3,degree_fpr,
,,,,,cora,Q4_high,,0.2857142857142857,,,112.0,,,,3,degree_fpr,
,,,,,cora,Q1_low,,0.0,,,256.0,,,,4,degree_fpr,
,,,,,cora,Q2,,0.0,,,148.0,,,,4,degree_fpr,
,,,,,cora,Q3,,0.0,,,89.0,,,,4,degree_fpr,
,,,,,cora,Q4_high,,0.1118421052631579,,,152.0,,,,4,degree_fpr,
13.0,,,0.7307958306575113,0.0,cora,,0.0365497076023391,0.0306278713629402,,292.0,,684.0,,,0,contamination,
13.0,,,0.7307958306575113,0.02,cora,,0.0365497076023391,0.0306278713629402,,292.0,,684.0,,,0,contamination,
14.0,,,0.7232771822358347,0.05,cora,,0.0366032210834553,0.0306278713629402,,293.0,,683.0,,,0,contamination,
29.0,,,0.7173047473200612,0.1,cora,,0.0344311377245509,0.0306278713629402,,308.0,,668.0,,,0,contamination,
43.0,,,0.72052067381317,0.15,cora,,0.0290519877675841,0.0290964777947932,,322.0,,654.0,,,0,contamination,
44.0,,,0.5,0.2,cora,,0.0290964777947932,0.0290964777947932,,323.0,,653.0,,,0,contamination,
44.0,,,0.5,0.25,cora,,0.0290964777947932,0.0290964777947932,,323.0,,653.0,,,0,contamination,
44.0,,,0.5,0.3,cora,,0.0290964777947932,0.0290964777947932,,323.0,,653.0,,,0,contamination,
15.0,,,0.7137035024452898,0.0,cora,,0.0365497076023391,0.0229709035222052,,292.0,,684.0,,,1,contamination,
15.0,,,0.7137035024452898,0.02,cora,,0.0365497076023391,0.0229709035222052,,292.0,,684.0,,,1,contamination,
15.0,,,0.7137035024452898,0.05,cora,,0.0365497076023391,0.0229709035222052,,292.0,,684.0,,,1,contamination,
29.0,,,0.7408341590847671,0.1,cora,,0.0313432835820895,0.0229709035222052,,306.0,,670.0,,,1,contamination,
43.0,,,0.5395610005104645,0.15,cora,,0.0198170731707317,0.0183767228177641,,320.0,,656.0,,,1,contamination,
46.0,,,0.5,0.2,cora,,0.0183767228177641,0.0183767228177641,,323.0,,653.0,,,1,contamination,
46.0,,,0.5,0.25,cora,,0.0183767228177641,0.0183767228177641,,323.0,,653.0,,,1,contamination,
46.0,,,0.5,0.3,cora,,0.0183767228177641,0.0183767228177641,,323.0,,653.0,,,1,contamination,
12.0,,,0.8288461538461538,0.0,cora,,0.0526315789473684,0.0323076923076923,,292.0,,684.0,,,2,contamination,
12.0,,,0.8288461538461538,0.02,cora,,0.0526315789473684,0.0323076923076923,,292.0,,684.0,,,2,contamination,
14.0,,,0.8204567307692308,0.05,cora,,0.0527859237536656,0.0323076923076923,,294.0,,682.0,,,2,contamination,
29.0,,,0.7961538461538462,0.1,cora,,0.0179910044977511,0.0153846153846153,,309.0,,667.0,,,2,contamination,
43.0,,,0.6643589743589744,0.15,cora,,0.0153139356814701,0.0153846153846153,,323.0,,653.0,,,2,contamination,
46.0,,,0.5,0.2,cora,,0.0153846153846153,0.0153846153846153,,326.0,,650.0,,,2,contamination,
46.0,,,0.5,0.25,cora,,0.0153846153846153,0.0153846153846153,,326.0,,650.0,,,2,contamination,
46.0,,,0.5,0.3,cora,,0.0153846153846153,0.0153846153846153,,326.0,,650.0,,,2,contamination,
18.0,,,0.7753822629969418,0.0,cora,,0.0745614035087719,0.0565749235474006,,292.0,,684.0,,,3,contamination,
18.0,,,0.7753822629969418,0.02,cora,,0.0745614035087719,0.0565749235474006,,292.0,,684.0,,,3,contamination,
18.0,,,0.7753822629969418,0.05,cora,,0.0745614035087719,0.0565749235474006,,292.0,,684.0,,,3,contamination,
29.0,,,0.7410268791244166,0.1,cora,,0.0579494799405646,0.0519877675840978,,303.0,,673.0,,,3,contamination,
43.0,,,0.8620795107033639,0.15,cora,,0.0515933232169954,0.0489296636085626,,317.0,,659.0,,,3,contamination,
48.0,,,0.5,0.2,cora,,0.0474006116207951,0.0474006116207951,,322.0,,654.0,,,3,contamination,
48.0,,,0.5,0.25,cora,,0.0474006116207951,0.0474006116207951,,322.0,,654.0,,,3,contamination,
48.0,,,0.5,0.3,cora,,0.0474006116207951,0.0474006116207951,,322.0,,654.0,,,3,contamination,
8.0,,,0.668634466308885,0.0,cora,,0.0394736842105263,0.0263565891472868,,292.0,,684.0,,,4,contamination,
8.0,,,0.668634466308885,0.02,cora,,0.0394736842105263,0.0263565891472868,,292.0,,684.0,,,4,contamination,
14.0,,,0.666220342964529,0.05,cora,,0.0383480825958702,0.0263565891472868,,298.0,,678.0,,,4,contamination,
29.0,,,0.6954349698535744,0.1,cora,,0.0316742081447963,0.0248062015503875,,313.0,,663.0,,,4,contamination,
43.0,,,0.6389534883720931,0.15,cora,,0.0184899845916795,0.0186046511627906,,327.0,,649.0,,,4,contamination,
47.0,,,0.5,0.2,cora,,0.0186046511627906,0.0186046511627906,,331.0,,645.0,,,4,contamination,
47.0,,,0.5,0.25,cora,,0.0186046511627906,0.0186046511627906,,331.0,,645.0,,,4,contamination,
47.0,,,0.5,0.3,cora,,0.0186046511627906,0.0186046511627906,,331.0,,645.0,,,4,contamination,
16.0,,,0.747982761782505,0.0,citeseer,,0.0548271752085816,0.0463659147869674,,359.0,,839.0,,,0,contamination,
16.0,,,0.747982761782505,0.02,citeseer,,0.0548271752085816,0.0463659147869674,,359.0,,839.0,,,0,contamination,
17.0,,,0.7427944862155389,0.05,citeseer,,0.0536992840095465,0.0463659147869674,,360.0,,838.0,,,0,contamination,
35.0,,,0.7835497835497836,0.1,citeseer,,0.0414634146341463,0.037593984962406,,378.0,,820.0,,,0,contamination,
53.0,,,0.8892543859649124,0.15,citeseer,,0.0386533665835411,0.037593984962406,,396.0,,802.0,,,0,contamination,
57.0,,,0.5,0.2,citeseer,,0.037593984962406,0.037593984962406,,400.0,,798.0,,,0,contamination,
57.0,,,0.5,0.25,citeseer,,0.037593984962406,0.037593984962406,,400.0,,798.0,,,0,contamination,
57.0,,,0.5,0.3,citeseer,,0.037593984962406,0.037593984962406,,400.0,,798.0,,,0,contamination,
14.0,,,0.6921474358974359,0.0,citeseer,,0.0321811680572109,0.025,,359.0,,839.0,,,1,contamination,
14.0,,,0.6921474358974359,0.02,citeseer,,0.0321811680572109,0.025,,359.0,,839.0,,,1,contamination,
17.0,,,0.6977256944444444,0.05,citeseer,,0.0322966507177033,0.025,,362.0,,836.0,,,1,contamination,
35.0,,,0.7946527777777777,0.1,citeseer,,0.0281173594132029,0.025,,380.0,,818.0,,,1,contamination,
53.0,,,0.5,0.15,citeseer,,0.02375,0.02375,,398.0,,800.0,,,1,contamination,
53.0,,,0.5,0.2,citeseer,,0.02375,0.02375,,398.0,,800.0,,,1,contamination,
53.0,,,0.5,0.25,citeseer,,0.02375,0.02375,,398.0,,800.0,,,1,contamination,
53.0,,,0.5,0.3,citeseer,,0.02375,0.02375,,398.0,,800.0,,,1,contamination,
14.0,,,0.7786976805309154,0.0,citeseer,,0.0655542312276519,0.0424469413233458,,359.0,,839.0,,,2,contamination,
14.0,,,0.7786976805309154,0.02,citeseer,,0.0655542312276519,0.0424469413233458,,359.0,,839.0,,,2,contamination,
17.0,,,0.7625824861779917,0.05,citeseer,,0.055023923444976,0.0399500624219725,,362.0,,836.0,,,2,contamination,
35.0,,,0.7994051553205551,0.1,citeseer,,0.0452322738386308,0.0374531835205992,,380.0,,818.0,,,2,contamination,
52.0,,,0.5,0.15,citeseer,,0.031210986267166,0.031210986267166,,397.0,,801.0,,,2,contamination,
52.0,,,0.5,0.2,citeseer,,0.031210986267166,0.031210986267166,,397.0,,801.0,,,2,contamination,
52.0,,,0.5,0.25,citeseer,,0.031210986267166,0.031210986267166,,397.0,,801.0,,,2,contamination,
52.0,,,0.5,0.3,citeseer,,0.031210986267166,0.031210986267166,,397.0,,801.0,,,2,contamination,
15.0,,,0.7343500479080166,0.0,citeseer,,0.0369487485101311,0.0272277227722772,,359.0,,839.0,,,3,contamination,
15.0,,,0.7343500479080166,0.02,citeseer,,0.0369487485101311,0.0272277227722772,,359.0,,839.0,,,3,contamination,
17.0,,,0.7286403209286446,0.05,citeseer,,0.034647550776583,0.0259900990099009,,361.0,,837.0,,,3,contamination,
35.0,,,0.7057268226822683,0.1,citeseer,,0.0268620268620268,0.0235148514851485,,379.0,,819.0,,,3,contamination,
46.0,,,0.5,0.15,citeseer,,0.021039603960396,0.021039603960396,,390.0,,808.0,,,3,contamination,
46.0,,,0.5,0.2,citeseer,,0.021039603960396,0.021039603960396,,390.0,,808.0,,,3,contamination,
46.0,,,0.5,0.25,citeseer,,0.021039603960396,0.021039603960396,,390.0,,808.0,,,3,contamination,
46.0,,,0.5,0.3,citeseer,,0.021039603960396,0.021039603960396,,390.0,,808.0,,,3,contamination,
21.0,,,0.7301001251564456,0.0,citeseer,,0.0595947556615017,0.0563204005006257,,359.0,,839.0,,,4,contamination,
21.0,,,0.7301001251564456,0.02,citeseer,,0.0595947556615017,0.0563204005006257,,359.0,,839.0,,,4,contamination,
21.0,,,0.7301001251564456,0.05,citeseer,,0.0595947556615017,0.0563204005006257,,359.0,,839.0,,,4,contamination,
35.0,,,0.707928179455088,0.1,citeseer,,0.0545454545454545,0.0525657071339173,,373.0,,825.0,,,4,contamination,
53.0,,,0.6848404255319149,0.15,citeseer,,0.0446096654275092,0.0450563204005006,,391.0,,807.0,,,4,contamination,
61.0,,,0.5,0.2,citeseer,,0.048811013767209,0.048811013767209,,399.0,,799.0,,,4,contamination,
61.0,,,0.5,0.25,citeseer,,0.048811013767209,0.048811013767209,,399.0,,799.0,,,4,contamination,
61.0,,,0.5,0.3,citeseer,,0.048811013767209,0.048811013767209,,399.0,,799.0,,,4,contamination,
96.0,,,0.6853250591016549,0.0,pubmed,,0.0577464788732394,0.036595744680851,,2129.0,,4970.0,,,0,contamination,
96.0,,,0.6853250591016549,0.02,pubmed,,0.0577464788732394,0.036595744680851,,2129.0,,4970.0,,,0,contamination,
106.0,,,0.6917099018003273,0.05,pubmed,,0.0566532258064516,0.0363829787234042,,2139.0,,4960.0,,,0,contamination,
212.0,,,0.6903080961591599,0.1,pubmed,,0.0395550061804697,0.0304255319148936,,2245.0,,4854.0,,,0,contamination,
319.0,,,0.6494545043005884,0.15,pubmed,,0.0282283547503686,0.0268085106382978,,2352.0,,4747.0,,,0,contamination,
366.0,,,0.5,0.2,pubmed,,0.0268085106382978,0.0268085106382978,,2399.0,,4700.0,,,0,contamination,
366.0,,,0.5,0.25,pubmed,,0.0268085106382978,0.0268085106382978,,2399.0,,4700.0,,,0,contamination,
366.0,,,0.5,0.3,pubmed,,0.0268085106382978,0.0268085106382978,,2399.0,,4700.0,,,0,contamination,
115.0,,,0.8154670368121841,0.0,pubmed,,0.0535211267605633,0.0473272765687724,,2129.0,,4970.0,,,1,contamination,
115.0,,,0.8154670368121841,0.02,pubmed,,0.0535211267605633,0.0473272765687724,,2129.0,,4970.0,,,1,contamination,
115.0,,,0.8154670368121841,0.05,pubmed,,0.0535211267605633,0.0473272765687724,,2129.0,,4970.0,,,1,contamination,
212.0,,,0.8143053333735777,0.1,pubmed,,0.0443258772829878,0.0418339319670399,,2226.0,,4873.0,,,1,contamination,
319.0,,,0.8643374373355357,0.15,pubmed,,0.0400755350398657,0.0392985421508556,,2333.0,,4766.0,,,1,contamination,
352.0,,,0.5,0.2,pubmed,,0.0386646946968096,0.0386646946968096,,2366.0,,4733.0,,,1,contamination,
352.0,,,0.5,0.25,pubmed,,0.0386646946968096,0.0386646946968096,,2366.0,,4733.0,,,1,contamination,
352.0,,,0.5,0.3,pubmed,,0.0386646946968096,0.0386646946968096,,2366.0,,4733.0,,,1,contamination,
107.0,,,0.724017404206685,0.0,pubmed,,0.0603621730382293,0.0346439957492029,,2129.0,,4970.0,,,2,contamination,
107.0,,,0.724017404206685,0.02,pubmed,,0.0603621730382293,0.0346439957492029,,2129.0,,4970.0,,,2,contamination,
107.0,,,0.724017404206685,0.05,pubmed,,0.0603621730382293,0.0346439957492029,,2129.0,,4970.0,,,2,contamination,
212.0,,,0.7268916046758768,0.1,pubmed,,0.0308324768756423,0.016365568544102,,2234.0,,4865.0,,,2,contamination,
319.0,,,0.7032542658352214,0.15,pubmed,,0.0151324085750315,0.0114771519659936,,2341.0,,4758.0,,,2,contamination,
372.0,,,0.5,0.2,pubmed,,0.0106269925611052,0.0106269925611052,,2394.0,,4705.0,,,2,contamination,
372.0,,,0.5,0.25,pubmed,,0.0106269925611052,0.0106269925611052,,2394.0,,4705.0,,,2,contamination,
372.0,,,0.5,0.3,pubmed,,0.0106269925611052,0.0106269925611052,,2394.0,,4705.0,,,2,contamination,
116.0,,,0.7179611044401673,0.0,pubmed,,0.0422535211267605,0.0356158575365698,,2129.0,,4970.0,,,3,contamination,
116.0,,,0.7179611044401673,0.02,pubmed,,0.0422535211267605,0.0356158575365698,,2129.0,,4970.0,,,3,contamination,
116.0,,,0.7179611044401673,0.05,pubmed,,0.0422535211267605,0.0356158575365698,,2129.0,,4970.0,,,3,contamination,
212.0,,,0.7264745081147064,0.1,pubmed,,0.03734099302421,0.0332838668645325,,2225.0,,4874.0,,,3,contamination,
319.0,,,0.7609751960992155,0.15,pubmed,,0.0314663310258023,0.0301038795844816,,2332.0,,4767.0,,,3,contamination,
369.0,,,0.5,0.2,pubmed,,0.029255882976468,0.029255882976468,,2382.0,,4717.0,,,3,contamination,
369.0,,,0.5,0.25,pubmed,,0.029255882976468,0.029255882976468,,2382.0,,4717.0,,,3,contamination,
369.0,,,0.5,0.3,pubmed,,0.029255882976468,0.029255882976468,,2382.0,,4717.0,,,3,contamination,
111.0,,,0.8350067612704053,0.0,pubmed,,0.046076458752515,0.0409940526762956,,2129.0,,4970.0,,,4,contamination,
111.0,,,0.8350067612704053,0.02,pubmed,,0.046076458752515,0.0409940526762956,,2129.0,,4970.0,,,4,contamination,
111.0,,,0.8350067612704053,0.05,pubmed,,0.046076458752515,0.0409940526762956,,2129.0,,4970.0,,,4,contamination,
212.0,,,0.8375620722227792,0.1,pubmed,,0.0390223865270075,0.0367459643160577,,2230.0,,4869.0,,,4,contamination,
319.0,,,0.8572996318323421,0.15,pubmed,,0.0392692146157076,0.0367459643160577,,2337.0,,4762.0,,,4,contamination,
373.0,,,0.5,0.2,pubmed,,0.0348343245539507,0.0348343245539507,,2391.0,,4708.0,,,4,contamination,
373.0,,,0.5,0.25,pubmed,,0.0348343245539507,0.0348343245539507,,2391.0,,4708.0,,,4,contamination,
373.0,,,0.5,0.3,pubmed,,0.0348343245539507,0.0348343245539507,,2391.0,,4708.0,,,4,contamination,
